Workbook

Sheet Students
A1: Student ID | B1: Name | C1: Course | D1: City | E1: Fees | F1: Marks | G1: Attendance % | H1: Status | I1: Grade
A2: 1001 | B2: Aarav Sharma | C2: Python | D2: Pune | E2: 15000 | F2: 88 | G2: 92 | H2: Active | I2: =IF(F2>=90,"A+",IF(F2>=80,"A",IF(F2>=70,"B",IF(F2>=60,"C","D"))))
A3: 1002 | B3: Riya Mehta | C3: Data Science | D3: Mumbai | E3: 18000 | F3: 91 | G3: 95 | H3: Active | I3: =IF(F3>=90,"A+",IF(F3>=80,"A",IF(F3>=70,"B",IF(F3>=60,"C","D"))))
A4: 1003 | B4: Kabir Singh | C4: Python | D4: Delhi | E4: 15000 | F4: 76 | G4: 84 | H4: Active | I4: =IF(F4>=90,"A+",IF(F4>=80,"A",IF(F4>=70,"B",IF(F4>=60,"C","D"))))
A5: 1004 | B5: Sneha Patil | C5: AI/ML | D5: Pune | E5: 22000 | F5: 94 | G5: 97 | H5: Active | I5: =IF(F5>=90,"A+",IF(F5>=80,"A",IF(F5>=70,"B",IF(F5>=60,"C","D"))))
A6: 1005 | B6: Arjun Nair | C6: Web Development | D6: Bengaluru | E6: 16000 | F6: 69 | G6: 78 | H6: Active | I6: =IF(F6>=90,"A+",IF(F6>=80,"A",IF(F6>=70,"B",IF(F6>=60,"C","D"))))
A7: 1006 | B7: Ishita Verma | C7: Data Science | D7: Delhi | E7: 18000 | F7: 85 | G7: 89 | H7: Active | I7: =IF(F7>=90,"A+",IF(F7>=80,"A",IF(F7>=70,"B",IF(F7>=60,"C","D"))))
A8: 1007 | B8: Vihaan Joshi | C8: Python | D8: Nagpur | E8: 15000 | F8: 72 | G8: 81 | H8: Active | I8: =IF(F8>=90,"A+",IF(F8>=80,"A",IF(F8>=70,"B",IF(F8>=60,"C","D"))))
A9: 1008 | B9: Ananya Rao | C9: AI/ML | D9: Hyderabad | E9: 22000 | F9: 89 | G9: 94 | H9: Active | I9: =IF(F9>=90,"A+",IF(F9>=80,"A",IF(F9>=70,"B",IF(F9>=60,"C","D"))))
A10: 1009 | B10: Aditya Kulkarni | C10: Web Development | D10: Pune | E10: 16000 | F10: 81 | G10: 87 | H10: Active | I10: =IF(F10>=90,"A+",IF(F10>=80,"A",IF(F10>=70,"B",IF(F10>=60,"C","D"))))
A11: 1010 | B11: Meera Iyer | C11: Python | D11: Chennai | E11: 15000 | F11: 96 | G11: 98 | H11: Active | I11: =IF(F11>=90,"A+",IF(F11>=80,"A",IF(F11>=70,"B",IF(F11>=60,"C","D"))))
A12: 1011 | B12: Rahul Deshmukh | C12: Data Science | D12: Nashik | E12: 18000 | F12: 64 | G12: 74 | H12: Active | I12: =IF(F12>=90,"A+",IF(F12>=80,"A",IF(F12>=70,"B",IF(F12>=60,"C","D"))))
A13: 1012 | B13: Sara Khan | C13: AI/ML | D13: Mumbai | E13: 22000 | F13: 87 | G13: 91 | H13: Active | I13: =IF(F13>=90,"A+",IF(F13>=80,"A",IF(F13>=70,"B",IF(F13>=60,"C","D"))))
... A21: 1020 | B21: Neha Kapoor | C21: AI/ML | D21: Delhi | E21: 22000 | F21: 82 | G21: 88 | H21: Active | I21: =IF(F21>=90,"A+",IF(F21>=80,"A",IF(F21>=70,"B",IF(F21>=60,"C","D"))))
E22: 354000

Sheet Course Summary
A1: Course | B1: No. of Students | C1: Average Marks | D1: Average Attendance | E1: Total Fees
A2: Python | B2: =COUNTIF(Students!$C$2:$C$21,A2) | C2: =SUMIF(Students!$C$2:$C$21,A2,Students!$F$2:$F$21)/B2 | D2: =SUMIF(Students!$C$2:$C$21,A2,Students!$G$2:$G$21)/B2 | E2: =SUMIF(Students!$C$2:$C$21,A2,Students!$E$2:$E$21)
A3: Data Science | B3: =COUNTIF(Students!$C$2:$C$21,A3) | C3: =SUMIF(Students!$C$2:$C$21,A3,Students!$F$2:$F$21)/B3 | D3: =SUMIF(Students!$C$2:$C$21,A3,Students!$G$2:$G$21)/B3 | E3: =SUMIF(Students!$C$2:$C$21,A3,Students!$E$2:$E$21)
A4: AI/ML | B4: =COUNTIF(Students!$C$2:$C$21,A4) | C4: =SUMIF(Students!$C$2:$C$21,A4,Students!$F$2:$F$21)/B4 | D4: =SUMIF(Students!$C$2:$C$21,A4,Students!$G$2:$G$21)/B4 | E4: =SUMIF(Students!$C$2:$C$21,A4,Students!$E$2:$E$21)
A5: Web Development | B5: =COUNTIF(Students!$C$2:$C$21,A5) | C5: =SUMIF(Students!$C$2:$C$21,A5,Students!$F$2:$F$21)/B5 | D5: =SUMIF(Students!$C$2:$C$21,A5,Students!$G$2:$G$21)/B5 | E5: =SUMIF(Students!$C$2:$C$21,A5,Students!$E$2:$E$21)
